{
    "total": 100.0,
    "style": 0.803998168498159,
    "content": 0.7499283363802486,
    "fluency": 0.7159242814667983
}