{
    "null": {
        "style": 0.67,
        "bleu": 15.987226186687275,
        "ppl": 1159.604
    },
    "bm25": {
        "style": 0.63,
        "bleu": 23.276958193080972,
        "ppl": 1085.0819999999994
    }
}