{
    "null": {
        "style": 0.7,
        "bleu": 0.1887849479652368,
        "ppl": 907.7019999999998
    },
    "bm25": {
        "style": 0.62,
        "bleu": 0.24142590569727956,
        "ppl": 1092.6800000000003
    }
}