{
    "null": {
        "style": 0.78,
        "bleu": 31.06405896391899,
        "ppl": 1159.604
    },
    "bm25": {
        "style": 0.81,
        "bleu": 40.252547160732114,
        "ppl": 1085.0819999999994
    }
}