{
    "null": {
        "style": 0.75,
        "bleu": 35.55837614309104,
        "ppl": 947.2133333333327,
        "HM": 48.24380212097544,
        "GM": 51.64182617541549
    },
    "bm25": {
        "style": 0.77,
        "bleu": 42.238418853526404,
        "ppl": 955.2195333333335,
        "HM": 54.5521868369751,
        "GM": 57.029450740135424
    },
    "random": {
        "style": 0.8033333333333333,
        "bleu": 33.4073441640076,
        "ppl": 845.4579333333337,
        "HM": 47.19021151551258,
        "GM": 51.80466498790056
    },
    "gtr": {
        "style": 0.808,
        "bleu": 39.02987082837622,
        "ppl": 940.8297333333348,
        "HM": 52.63484874233895,
        "GM": 56.15704375172182
    }
}