{
    "null": {
        "style": 0.8793333333333333,
        "bleu": 33.862554544073305,
        "ppl": 707.9442666666657
    },
    "bm25": {
        "style": 0.8406666666666667,
        "bleu": 36.45145860559535,
        "ppl": 614.0516666666666
    },
    "random": {
        "style": 0.866,
        "bleu": 33.27755745435326,
        "ppl": 588.9360666666665
    },
    "gtr": {
        "style": 0.8413333333333334,
        "bleu": 34.57488596967158,
        "ppl": 576.5658000000004
    }
}