{
    "null": {
        "style": 0.8793333333333333,
        "bleu": 33.862554544073305,
        "ppl": 707.9442666666657,
        "HM": 48.895695053995965,
        "GM": 54.56782290179973
    },
    "bm25": {
        "style": 0.8406666666666667,
        "bleu": 36.45145860559535,
        "ppl": 614.0516666666666,
        "HM": 50.852975238167964,
        "GM": 55.35659509137445
    },
    "random": {
        "style": 0.866,
        "bleu": 33.27755745435326,
        "ppl": 588.9360666666665,
        "HM": 48.0796662318438,
        "GM": 53.6827390838712
    },
    "gtr": {
        "style": 0.8413333333333334,
        "bleu": 34.57488596967158,
        "ppl": 576.5658000000004,
        "HM": 49.009250131591095,
        "GM": 53.93422295953071
    }
}