{
    "null": 18.87849479652368,
    "bm25": 24.142590569727957
}