{
    "total": 100.0,
    "style": 0.8174703296703182,
    "content": 0.7169998181818107,
    "fluency": 0.7209117647058758
}